{
    "mean": 12.094085575687217,
    "median": 10.0,
    "std": 9.55174610712854,
    "min": 0.0,
    "max": 209.0,
    "p25": 6.0,
    "p50": 10.0,
    "p75": 15.0,
    "p95": 29.0,
    "count": 96476
}