{
    "1": 0.9006445989499929,
    "2": 0.07617619037966472,
    "3": 0.01339873918067014,
    "4": 0.005118277826201528,
    "5": 0.0020675815377130926,
    "6": 0.0020067703160156487,
    "7": 0.00022297447955729432,
    "8": 8.108162892992521e-05,
    "9": 3.040561084872195e-05,
    "10": 8.108162892992521e-05,
    "11": 4.0540814464962604e-05,
    "12": 5.067601808120325e-05,
    "13": 1.0135203616240651e-05,
    "14": 2.0270407232481302e-05,
    "15": 2.0270407232481302e-05,
    "20": 2.0270407232481302e-05,
    "21": 1.0135203616240651e-05
}