{
    "delivered": 0.9702034372140264,
    "shipped": 0.011132229161010046,
    "canceled": 0.006285133898492574,
    "unavailable": 0.006124234470691163,
    "invoiced": 0.0031576512706026688,
    "processing": 0.0030269204855140233,
    "created": 5.028107118794059e-05,
    "approved": 2.0112428475176234e-05
}