{
    "count": 103886.0,
    "mean": 154.10038041699556,
    "std": 217.49406386472435,
    "min": 0.0,
    "25%": 56.79,
    "50%": 100.0,
    "75%": 171.8375,
    "max": 13664.08
}