{
    "0": 1.9e-05,
    "1": 0.505804,
    "2": 0.119487,
    "3": 0.100697,
    "4": 0.068325,
    "5": 0.05043,
    "6": 0.037734,
    "7": 0.015652,
    "8": 0.041083,
    "9": 0.006199,
    "10": 0.051287,
    "11": 0.000221,
    "12": 0.00128,
    "13": 0.000154,
    "14": 0.000144,
    "15": 0.000712,
    "16": 4.8e-05,
    "17": 7.7e-05,
    "18": 0.00026,
    "20": 0.000164,
    "21": 2.9e-05,
    "22": 1e-05,
    "23": 1e-05,
    "24": 0.000173
}