{
    "cama_mesa_banho": 0.09365820475557342,
    "esporte_lazer": 0.08864908320707461,
    "moveis_decoracao": 0.08215577749605764,
    "beleza_saude": 0.07556971027488328,
    "utilidades_domesticas": 0.0721993754058316,
    "automotivo": 0.05874895643301073,
    "informatica_acessorios": 0.0506787050493182,
    "brinquedos": 0.043628830277356916,
    "relogios_presentes": 0.04109334899972172,
    "telefonia": 0.035063850839491664,
    "bebes": 0.028415942611545716,
    "perfumaria": 0.026838996938870166,
    "papelaria": 0.02625150737454006,
    "fashion_bolsas_e_acessorios": 0.02625150737454006,
    "cool_stuff": 0.02439627717139235,
    "ferramentas_jardim": 0.023283139049503725,
    "pet_shop": 0.02223184193438669,
    "eletronicos": 0.015985900250456077,
    "construcao_ferramentas_construcao": 0.012368201354318048,
    "eletrodomesticos": 0.011440586252744194,
    "malas_acessorios": 0.010791255681642497,
    "consoles_games": 0.009801799573297054,
    "moveis_escritorio": 0.009554435546210693,
    "instrumentos_musicais": 0.00893602547849479,
    "eletroportateis": 0.007142636282118673,
    "casa_construcao": 0.006957113261803902,
    "livros_interesse_geral": 0.006678828731331746,
    "fashion_calcados": 0.005349247085742556,
    "moveis_sala": 0.004823598528184039,
    "climatizacao": 0.003834142419838595,
    "livros_tecnicos": 0.0038032219164528,
    "telefonia_fixa": 0.003586778392752234,
    "casa_conforto": 0.0034321758758232585,
    "market_place": 0.0032157323521226923,
    "alimentos_bebidas": 0.0032157323521226923,
    "fashion_roupa_masculina": 0.0029374478216505364,
    "moveis_cozinha_area_de_servico_jantar_e_jardim": 0.0029065273182647413,
    "sinalizacao_e_seguranca": 0.002875606814878946,
    "construcao_ferramentas_seguranca": 0.002813765808107356,
    "eletrodomesticos_2": 0.002782845304721561,
    "construcao_ferramentas_jardim": 0.0027210042979499706,
    "alimentos": 0.0025354812776352,
    "bebidas": 0.002504560774249405,
    "construcao_ferramentas_iluminacao": 0.0024117992640920196,
    "agro_industria_e_comercio": 0.0022881172505488387,
    "industria_comercio_e_negocios": 0.002102594230234068,
    "artigos_de_natal": 0.0020098327200766828,
    "audio": 0.001793389196376117,
    "artes": 0.0017006276862187317,
    "fashion_underwear_e_moda_praia": 0.0016387866794471415,
    "dvds_blu_ray": 0.0014841841625181657,
    "moveis_quarto": 0.0013914226523607804,
    "construcao_ferramentas_ferramentas": 0.0012058996320460098,
    "livros_importados": 0.0009585356049596487,
    "portateis_casa_forno_e_cafe": 0.0009585356049596487,
    "pcs": 0.0009276151015738536,
    "cine_foto": 0.0008657740948022634,
    "fashion_roupa_feminina": 0.0008348535914164683,
    "musica": 0.0008348535914164683,
    "artigos_de_festas": 0.0008039330880306731,
    "fashion_esporte": 0.0005874895643301073,
    "artes_e_artesanato": 0.0005874895643301073,
    "flores": 0.0004328870474011317,
    "fraldas_higiene": 0.00037104604062954144,
    "la_cuisine": 0.0003092050338579512,
    "portateis_cozinha_e_preparadores_de_alimentos": 0.0003092050338579512,
    "moveis_colchao_e_estofado": 0.0003092050338579512,
    "tablets_impressao_imagem": 0.00027828453047215606,
    "fashion_roupa_infanto_juvenil": 0.0001546025169289756,
    "casa_conforto_2": 0.0001546025169289756,
    "pc_gamer": 9.276151015738536e-05,
    "seguros_e_servicos": 6.184100677159024e-05,
    "cds_dvds_musicais": 3.092050338579512e-05
}