{
    "count": 32949.0,
    "mean": 2276.4724877841513,
    "std": 4282.038730977007,
    "min": 0.0,
    "25%": 300.0,
    "50%": 700.0,
    "75%": 1900.0,
    "max": 40425.0
}