{
    "SP": 0.5974151857835218,
    "PR": 0.11276252019386107,
    "MG": 0.07883683360258481,
    "SC": 0.061389337641357025,
    "RJ": 0.05525040387722133,
    "RS": 0.04168012924071082,
    "GO": 0.012924071082390954,
    "DF": 0.009693053311793215,
    "ES": 0.007431340872374798,
    "BA": 0.006138933764135703,
    "CE": 0.00420032310177706,
    "PE": 0.0029079159935379646,
    "PB": 0.0019386106623586429,
    "RN": 0.0016155088852988692,
    "MS": 0.0016155088852988692,
    "MT": 0.0012924071082390954,
    "RO": 0.0006462035541195477,
    "SE": 0.0006462035541195477,
    "AC": 0.00032310177705977385,
    "PI": 0.00032310177705977385,
    "MA": 0.00032310177705977385,
    "AM": 0.00032310177705977385,
    "PA": 0.00032310177705977385
}