{
    "SP": 0.41980671956235355,
    "RJ": 0.12924246538148249,
    "MG": 0.11700405265433775,
    "RS": 0.05496726702265665,
    "PR": 0.050733600828632056,
    "SC": 0.03657445118210798,
    "BA": 0.03399000412304784,
    "DF": 0.021520298468438573,
    "ES": 0.020444283545016644,
    "GO": 0.020313552759927998,
    "PE": 0.01661286592049557,
    "CE": 0.013435102221417725,
    "PA": 0.009804808881648414,
    "MT": 0.009120986313492422,
    "MA": 0.007511992035478324,
    "MS": 0.007190193179875504,
    "PB": 0.005390130831347231,
    "PI": 0.004977826047606118,
    "RN": 0.004877263905230237,
    "AL": 0.004153216480123892,
    "SE": 0.003519674983155841,
    "TO": 0.002815739986524673,
    "RO": 0.002544222202109794,
    "AM": 0.0014883197071630413,
    "AC": 0.0008145533532446375,
    "AP": 0.000683822568155992,
    "RR": 0.0004625858549290534
}